{"train/episodes":200.81581424537183,"train/steps":1000,"train/loss":0.07674022018909454,"train/grad_norm":0.6367332889139652,"_step":1000,"_timestamp":1.7649391554064972e+09,"train/dataloading_s":0.08056057050358505,"_wandb":{"runtime":418},"_runtime":418.972507063,"train/samples":64000,"train/epochs":20.081581424537184,"train/update_s":0.29071312241721897,"train/lr":5.621658870192898e-06}