{"_step":4000,"_timestamp":1.7650703228763056e+09,"train/update_s":0.4377997344452888,"train/grad_norm":6.3680151844024655,"train/l1_loss":0.07035941630601883,"_runtime":5067.485848688,"train/episodes":955.9848635729934,"train/epochs":19.11969727145987,"train/samples":384000,"train/lr":9.999999999999995e-05,"_wandb":{"runtime":5067},"train/dataloading_s":0.8380237280577422,"train/kld_loss":0.0009434893727302551,"train/loss":0.07482720896601677,"train/steps":4000}