{"train/update_s":0.29449669264256956,"_step":6000,"train/loss":0.06579970236867666,"train/samples":384000,"_runtime":5514.826971999,"train/lr":9.999999999999995e-05,"train/episodes":1038.9610389610389,"train/steps":6000,"_wandb":{"runtime":5514},"train/l1_loss":0.058151740580797195,"_timestamp":1.7650668560703201e+09,"train/kld_loss":0.000382482074201107,"train/epochs":20.77922077922078,"train/dataloading_s":0.5909822802897543,"train/grad_norm":3.895749728679657}